Employee_ID,Name,Department,Gender,City, Salary ,Joining_Date
1001,Keerthi Mishra,Sales,Female,Nellore,26000,06-03-2022
1002,Teja Reddy,Sales,Female,Mumbai,26000,17-08-2021
1003,Rohit Naidu,Operations,Female,Bangalore,26000,06-03-2025
1004,Lakshmi Yadav,Sales,Female,Bangalore,27000,24-10-2019
1005,Meena Verma,Operations,Male,Delhi,27000,07-10-2025
1006,Manoj Gupta,Sales,Female,Visakhapatnam,27000,08-04-2020
1007,Kavya Verma,Marketing,Female,Chennai,28000,25-09-2022
1008,Krishna Nair,HR,Female,Bangalore,28000,06-04-2023
1009,Rohit Iyer,HR,Female,Nellore,28000,21-01-2020
1010,Sravani Mehta,Operations,Female,Pune,28000,21-06-2024
1011,Surya Singh,Sales,Male,Pune,28000,07-02-2026
1012,Pooja Naidu,Sales,Female,Bangalore,28000,04-06-2024
1013,Arjun Varma,HR,Male,Nellore,28000,15-11-2021
1014,Harika Verma,Marketing,Female,Mumbai,28000,07-11-2025
1015,Rahul Patel,Sales,Male,Nellore,29000,11-11-2021
1016,Krishna Gupta,Operations,Female,Kolkata,30000,06-08-2019
1017,Santosh Singh,Marketing,Male,Kolkata,30000,29-05-2025
1018,Lakshmi Verma,Marketing,Female,Mumbai,30000,08-06-2025
1019,Keerthi Kumar,Sales,Female,Nellore,30000,02-07-2023
1020,Naveen Chowdary,HR,Male,Nellore,30000,14-03-2019
1021,Ravi Patel,Operations,Male,Vijayawada,30000,16-02-2019
1022,Aarav Chowdary,Sales,Female,Mumbai,30000,12-11-2022
1023,Nandini Kumar,Operations,Female,Mumbai,30000,06-06-2026
1024,Kiran Naidu,HR,Male,Chennai,31000,11-07-2022
1025,Shreya Patel,HR,Female,Chennai,31000,18-01-2026
1026,Gautham Naidu,HR,Male,Chennai,31000,19-04-2025
1027,Swathi Varma,Marketing,Female,Kolkata,31000,04-08-2026
1028,Rahul Nair,HR,Male,Visakhapatnam,31000,10-04-2025
1029,Lakshmi Babu,HR,Male,Vijayawada,31000,30-04-2023
1030,Sandeep Reddy,Finance,Male,Mumbai,31000,24-06-2021
1031,Sneha Patel,HR,Female,Visakhapatnam,31000,18-10-2025
1032,Rohit Kumar,Finance,Female,Pune,31000,18-03-2022
1033,Akash Babu,HR,Female,Delhi,31000,31-01-2023
1034,Aditya Mishra,Marketing,Female,Kolkata,31000,12-12-2020
1035,Rahul Naidu,Finance,Male,Mumbai,31000,21-03-2023
1036,Vijay Joshi,Marketing,Female,Bangalore,31000,26-04-2022
1037,Rohit Chowdary,HR,Female,Kolkata,32000,22-03-2025
1038,Surya Naidu,Finance,Male,Kolkata,32000,24-09-2020
1039,Anusha Nair,HR,Male,Delhi,32000,19-03-2021
1040,Vishal Iyer,Sales,Male,Bangalore,32000,08-07-2020
1041,Pooja Mehta,Sales,Female,Pune,32000,27-08-2026
1042,Pradeep Chowdary,Sales,Male,Pune,32000,27-03-2023
1043,Priya Naidu,Finance,Female,Vijayawada,32000,19-09-2022
1044,Krishna Mishra,Operations,Female,Delhi,32000,15-04-2022
1045,Vamsi Naidu,HR,Male,Chennai,33000,01-06-2025
1046,Meena Patel,HR,Female,Chennai,33000,28-02-2024
1047,Vishal Rao,Finance,Male,Hyderabad,33000,31-01-2024
1048,Anil Sharma,Operations,Male,Nellore,33000,25-01-2019
1049,Keerthi Naidu,HR,Female,Visakhapatnam,33000,28-04-2020
1050,Akash Babu,HR,Male,Vijayawada,33000,14-09-2021
1051,Sneha Kumar,HR,Female,Vijayawada,33000,18-02-2025
1052,Neha Mehta,Operations,Male,Nellore,33000,27-07-2026
1053,Meena Das,HR,Female,Bangalore,33000,05-01-2019
1054,Sravani Babu,Sales,Male,Mumbai,33000,19-05-2026
1055,Varun Naidu,HR,Male,Chennai,34000,28-10-2025
1056,Harika Gupta,Marketing,Female,Delhi,34000,13-02-2019
1057,Sneha Patel,HR,Male,Pune,34000,06-07-2026
1058,Shreya Sharma,Operations,Female,Kolkata,34000,16-04-2026
1059,Anusha Babu,HR,Female,Chennai,34000,25-07-2023
1060,Shreya Kumar,Operations,Male,Nellore,34000,05-06-2025
1061,Santosh Das,HR,Male,Bangalore,34000,30-06-2019
1062,Keerthi Rao,Sales,Male,Hyderabad,34000,15-08-2023
1063,Akash Mehta,Sales,Male,Kolkata,34000,18-11-2023
1064,Manoj Varma,Operations,Female,Nellore,34000,18-05-2023
1065,Divya Reddy,HR,Female,Delhi,34000,23-07-2021
1066,Arjun Rao,Sales,Male,Bangalore,35000,23-02-2025
1067,Deepika Rao,Sales,Male,Bangalore,35000,11-05-2025
1068,Vamsi Naidu,HR,Male,Chennai,35000,20-09-2022
1069,Sneha Das,IT,Female,Pune,35000,16-02-2023
1070,Shreya Varma,Sales,Female,Hyderabad,35000,16-04-2019
1071,Akash Singh,Finance,Female,Mumbai,35000,31-01-2022
1072,Anusha Jain,Sales,Female,Delhi,35000,11-09-2020
1073,Sneha Das,IT,Female,Delhi,35000,08-06-2022
1074,Lakshmi Kumar,Data Analytics,Female,Visakhapatnam,36000,28-02-2023
1075,Teja Rao,HR,Female,Chennai,36000,06-03-2021
1076,Sravani Jain,Sales,Female,Vijayawada,36000,07-04-2023
1077,Vishal Babu,Operations,Male,Mumbai,36000,18-01-2025
1078,Rohit Yadav,Finance,Female,Visakhapatnam,36000,22-02-2025
1079,Keerthi Verma,Data Analytics,Male,Nellore,36000,21-12-2023
1080,Ravi Babu,Data Analytics,Male,Kolkata,36000,20-09-2022
1081,Divya Mishra,Operations,Female,Chennai,36000,02-06-2022
1082,Varun Naidu,HR,Male,Chennai,37000,21-11-2023
1083,Lakshmi Iyer,Sales,Female,Bangalore,37000,04-02-2025
1084,Sai Naidu,HR,Male,Chennai,37000,13-12-2025
1085,Gautham Naidu,HR,Male,Chennai,37000,07-03-2025
1086,Sai Naidu,HR,Male,Chennai,37000,10-11-2022
1087,Keerthi Chowdary,IT,Female,Bangalore,37000,15-06-2025
1088,Sneha Varma,Operations,Female,Pune,37000,20-09-2023
1089,Rohit Nair,HR,Male,Bangalore,37000,25-03-2019
1090,Amit Joshi,Sales,Male,Nellore,37000,05-09-2023
1091,Manoj Yadav,Finance,Male,Pune,37000,30-01-2020
1092,Aarav Chowdary,Operations,Male,Mumbai,37000,27-10-2023
1093,Nandini Chowdary,Marketing,Female,Bangalore,37000,26-02-2026
1094,Lakshmi Reddy,Sales,Female,Nellore,37000,05-10-2025
1095,Harika Babu,Operations,Male,Pune,37000,09-07-2024
1096,Anjali Iyer,Sales,Female,Bangalore,38000,17-10-2025
1097,Harini Patel,HR,Female,Chennai,38000,03-11-2025
1098,Priya Patel,HR,Female,Chennai,38000,23-02-2025
1099,Teja Singh,Sales,Female,Kolkata,38000,15-03-2024
1100,Harika Naidu,Sales,Female,Chennai,38000,27-03-2023
1101,Shreya Nair,Data Analytics,Female,Visakhapatnam,38000,20-12-2023
1102,Mounika Das,Finance,Male,Vijayawada,38000,30-05-2022
1103,Divya Jain,Marketing,Male,Nellore,38000,20-12-2019
1104,Meena Naidu,IT,Female,Pune,38000,06-01-2022
1105,Akash Mishra,Finance,Female,Chennai,38000,18-08-2026
1106,Priya Patel,HR,Female,Chennai,39000,17-05-2023
1107,Vikram Sharma,Marketing,Male,Mumbai,39000,24-04-2025
1108,Ravi Verma,Marketing,Female,Mumbai,39000,22-04-2023
1109,Sanjana Patel,HR,Female,Chennai,39000,17-07-2024
1110,Arjun Rao,Sales,Male,Bangalore,39000,09-07-2025
1111,Tarun Sharma,Marketing,Male,Mumbai,39000,25-06-2022
1112,Reshma Verma,Marketing,Female,Mumbai,39000,20-12-2025
1113,Santosh Patel,Data Analytics,Male,Hyderabad,39000,21-05-2025
1114,Sandeep Nair,Operations,Female,Bangalore,39000,10-11-2025
1115,Sneha Joshi,HR,Female,Hyderabad,39000,08-01-2026
1116,Rohit Jain,Data Analytics,Male,Visakhapatnam,39000,05-02-2026
1117,Meena Mishra,HR,Female,Vijayawada,39000,16-02-2026
1118,Kavya Iyer,Sales,Female,Bangalore,40000,30-11-2025
1119,Pooja Reddy,Finance,Female,Pune,40000,13-08-2022
1120,Lakshmi Iyer,Sales,Female,Bangalore,40000,05-11-2024
1121,Rakesh Sharma,Marketing,Male,Mumbai,40000,04-07-2025
1122,Ajay Rao,Sales,Male,Bangalore,40000,27-06-2023
1123,Harini Patel,HR,Female,Chennai,40000,28-03-2024
1124,Keerthi Iyer,Marketing,Male,Vijayawada,40000,17-01-2025
1125,Meena Gupta,IT,Male,Mumbai,40000,02-04-2024
1126,Kavya Kumar,Data Analytics,Female,Chennai,40000,06-02-2020
1127,Anil Kumar,Data Analytics,Male,Delhi,40000,12-12-2024
1128,Manoj Sharma,Data Analytics,Male,Nellore,40000,11-01-2022
1129,Amit Yadav,IT,Male,Hyderabad,40000,12-05-2023
1130,Pradeep Joshi,IT,Male,Pune,40000,03-10-2023
1131,Divya Kumar,Sales,Male,Mumbai,40000,05-01-2020
1132,Anil Naidu,Operations,Female,Hyderabad,40000,15-02-2022
1133,Nikhil Reddy,Finance,Female,Pune,41000,04-04-2022
1134,Vijay Naidu,IT,Male,Kolkata,41000,02-05-2022
1135,Divya Chowdary,Data Analytics,Female,Kolkata,41000,08-03-2020
1136,Sravani Das,Finance,Female,Pune,41000,23-09-2023
1137,Ananya Rao,Operations,Female,Nellore,41000,26-05-2025
1138,Divya Babu,Marketing,Female,Delhi,41000,15-05-2019
1139,Ananya Verma,Operations,Female,Delhi,41000,15-03-2020
1140,Swathi Reddy,Finance,Female,Pune,42000,09-07-2022
1141,Harish Gupta,Finance,Male,Pune,42000,15-02-2024
1142,Deepika Rao,Sales,Male,Bangalore,42000,16-08-2023
1143,Ajay Rao,Sales,Male,Bangalore,42000,01-12-2022
1144,Nandini Iyer,Sales,Female,Bangalore,42000,07-03-2022
1145,Divya Verma,Marketing,Female,Mumbai,42000,25-10-2025
1146,Sanjana Patel,HR,Female,Chennai,42000,22-09-2023
1147,Bhavana Iyer,Sales,Female,Bangalore,42000,07-03-2025
1148,Surya Rao,Sales,Male,Bangalore,42000,15-01-2022
1149,Sneha Jain,IT,Male,Mumbai,42000,17-06-2019
1150,Aditya Singh,Finance,Male,Nellore,42000,31-07-2026
1151,Divya Verma,Marketing,Female,Mumbai,43000,06-01-2026
1152,Tarun Sharma,Marketing,Male,Mumbai,43000,04-10-2025
1153,Neha Singh,IT,Female,Hyderabad,43000,25-10-2025
1154,Abhishek Kumar,IT,Male,Hyderabad,43000,18-08-2022
1155,Mounika Das,Finance,Female,Kolkata,43000,29-03-2020
1156,Harika Das,Operations,Male,Delhi,43000,05-04-2020
1157,Divya Kumar,Finance,Male,Delhi,43000,08-09-2025
1158,Teja Naidu,HR,Female,Mumbai,43000,06-02-2022
1159,Pooja Varma,IT,Female,Delhi,43000,08-06-2020
1160,Manoj Chowdary,Sales,Male,Chennai,43000,26-03-2019
1161,Priya Reddy,IT,Male,Bangalore,43000,18-08-2022
1162,Karthik Sharma,Marketing,Male,Visakhapatnam,43000,29-07-2021
1163,Mounika Reddy,Finance,Female,Pune,44000,29-12-2024
1164,Sandeep Sharma,Marketing,Male,Mumbai,44000,06-04-2023
1165,Priya Patel,Data Analytics,Female,Bangalore,44000,22-05-2019
1166,Lakshmi Mehta,Data Analytics,Female,Chennai,44000,16-07-2023
1167,Sravani Verma,HR,Female,Vijayawada,44000,10-10-2020
1168,Nandini Iyer,Data Analytics,Female,Hyderabad,44000,29-12-2023
1169,Pradeep Joshi,Operations,Male,Bangalore,44000,17-03-2023
1170,Pooja Das,Data Analytics,Male,Visakhapatnam,44000,28-07-2026
1171,Krishna Sharma,Data Analytics,Female,Vijayawada,44000,20-04-2020
1172,Anil Jain,HR,Male,Hyderabad,44000,09-09-2019
1173,Pooja Reddy,Finance,Female,Pune,45000,22-04-2023
1174,Meena Patel,HR,Female,Chennai,45000,21-04-2025
1175,Shreya Patel,HR,Female,Chennai,45000,03-01-2025
1176,Manoj Sharma,Marketing,Male,Mumbai,45000,07-02-2025
1177,Naveen Rao,Sales,Male,Bangalore,45000,17-08-2022
1178,Sruthi Singh,IT,Female,Hyderabad,45000,24-11-2023
1179,Vishal Chowdary,Operations,Female,Chennai,45000,30-11-2019
1180,Bhavya Gupta,Sales,Male,Nellore,45000,26-03-2025
1181,Aditya Patel,Finance,Male,Vijayawada,45000,26-02-2023
1182,Anusha Iyer,Marketing,Male,Delhi,45000,29-09-2024
1183,Manoj Rao,Finance,Female,Chennai,45000,18-05-2019
1184,Deepak Das,IT,Female,Vijayawada,45000,06-04-2026
1185,Divya Naidu,Operations,Female,Nellore,45000,24-06-2023
1186,Aarav Kumar,IT,Male,Hyderabad,46000,21-02-2022
1187,Rahul Gupta,Finance,Male,Pune,46000,13-10-2022
1188,Rakesh Sharma,Marketing,Male,Mumbai,46000,11-07-2025
1189,Abhishek Kumar,IT,Male,Hyderabad,46000,18-02-2024
1190,Bhavana Iyer,Sales,Female,Bangalore,46000,29-12-2023
1191,Kiran Naidu,HR,Male,Chennai,46000,06-07-2022
1192,Keerthi Verma,Marketing,Female,Mumbai,46000,09-06-2024
1193,Pranav Gupta,Finance,Male,Pune,46000,29-04-2022
1194,Sowmya Reddy,Finance,Female,Pune,46000,20-04-2025
1195,Lakshmi Nair,Marketing,Male,Chennai,46000,12-07-2020
1196,Lakshmi Mehta,Data Analytics,Male,Hyderabad,46000,12-08-2019
1197,Aishwarya Sharma,Marketing,Male,Delhi,46000,02-01-2022
1198,Nandini Das,Marketing,Male,Kolkata,46000,09-03-2023
1199,Aarav Varma,Data Analytics,Male,Vijayawada,46000,07-03-2024
1200,Sneha Varma,Sales,Female,Vijayawada,46000,02-12-2022
1201,Sneha Babu,Sales,Male,Delhi,46000,03-03-2019
1202,Vijay Naidu,Sales,Female,Nellore,46000,08-07-2021
1203,Divya Singh,HR,Male,Nellore,46000,05-11-2023
1204,Meena Reddy,IT,Male,Bangalore,46000,30-04-2026
1205,Vijay Sharma,Data Analytics,Female,Chennai,46000,07-12-2020
1206,Pradeep Mehta,Finance,Male,Visakhapatnam,46000,30-11-2025
1207,Suresh Gupta,Finance,Male,Pune,47000,14-01-2022
1208,Naveen Rao,Sales,Male,Bangalore,47000,18-07-2022
1209,Sandeep Sharma,Marketing,Male,Mumbai,47000,01-04-2024
1210,Rahul Gupta,Finance,Male,Pune,47000,12-04-2025
1211,Swathi Reddy,Finance,Female,Pune,47000,05-08-2025
1212,Harish Gupta,Finance,Male,Pune,47000,22-10-2024
1213,Ravi Verma,Marketing,Female,Mumbai,47000,27-09-2024
1214,Ananya Rao,IT,Female,Chennai,47000,15-02-2022
1215,Sandeep Babu,Operations,Male,Hyderabad,47000,28-10-2021
1216,Sneha Yadav,Finance,Female,Hyderabad,47000,06-08-2022
1217,Swathi Kumar,Marketing,Female,Bangalore,47000,31-08-2020
1218,Karthik Mishra,Operations,Female,Chennai,47000,07-04-2022
1219,Vijay Mehta,Data Analytics,Male,Delhi,47000,13-12-2021
1220,Keerthi Verma,Marketing,Female,Mumbai,48000,06-12-2023
1221,Anjali Iyer,Sales,Female,Bangalore,48000,10-04-2025
1222,Aditya Kumar,IT,Male,Hyderabad,48000,18-07-2024
1223,Bhavya Singh,Data Analytics,Male,Vijayawada,48000,14-12-2020
1224,Amit Kumar,HR,Male,Hyderabad,48000,24-03-2021
1225,Bhavya Jain,Finance,Male,Delhi,48000,12-12-2021
1226,Pradeep Sharma,Operations,Female,Hyderabad,48000,17-11-2020
1227,Santosh Joshi,Marketing,Female,Pune,48000,16-08-2021
1228,Aditya Naidu,Data Analytics,Female,Bangalore,48000,30-11-2023
1229,Sandeep Singh,Finance,Male,Bangalore,48000,12-02-2019
1230,Amit Rao,Marketing,Male,Bangalore,48000,28-11-2019
1231,Bhavya Joshi,Operations,Female,Chennai,48000,12-02-2026
1232,Manoj Singh,Finance,Male,Hyderabad,48000,11-12-2024
1233,Pooja Mehta,Operations,Male,Pune,48000,26-05-2022
1234,Rahul Naidu,HR,Female,Hyderabad,48000,08-10-2022
1235,Keerthi Jain,HR,Male,Bangalore,48000,23-02-2022
1236,Mahesh Gupta,Finance,Male,Pune,49000,25-04-2022
1237,Sowmya Reddy,Finance,Female,Pune,49000,12-03-2023
1238,Vikram Sharma,Marketing,Male,Mumbai,49000,12-01-2024
1239,Kavya Iyer,Sales,Female,Bangalore,49000,19-12-2024
1240,Karthik Kumar,IT,Male,Hyderabad,49000,31-12-2025
1241,Nandini Iyer,Sales,Female,Bangalore,49000,05-09-2022
1242,Divya Joshi,Sales,Male,Visakhapatnam,49000,06-05-2023
1243,Teja Rao,HR,Male,Hyderabad,49000,30-08-2021
1244,Swathi Joshi,IT,Male,Pune,49000,01-07-2024
1245,Karthik Chowdary,Finance,Male,Nellore,49000,28-10-2024
1246,Ananya Jain,IT,Male,Nellore,49000,15-03-2023
1247,Pradeep Jain,Operations,Female,Bangalore,49000,18-06-2019
1248,Anusha Mehta,Sales,Male,Hyderabad,49000,05-02-2022
1249,Keerthi Varma,Sales,Male,Chennai,49000,18-02-2019
1250,Harika Chowdary,IT,Male,Delhi,49000,05-11-2024
1251,Deepak Mishra,IT,Female,Vijayawada,49000,01-09-2019
1252,Amit Mehta,HR,Male,Hyderabad,49000,16-11-2022
1253,Manoj Sharma,Marketing,Male,Mumbai,50000,28-11-2023
1254,Pranav Gupta,Finance,Male,Pune,50000,30-11-2022
1255,Surya Rao,Sales,Male,Bangalore,50000,21-03-2024
1256,Sneha Singh,IT,Female,Hyderabad,50000,11-10-2022
1257,Nikhil Reddy,Finance,Female,Pune,50000,27-11-2022
1258,Tejaswi Verma,Marketing,Female,Mumbai,50000,10-03-2023
1259,Mahesh Gupta,Finance,Male,Pune,50000,16-06-2024
1260,Anil Patel,Operations,Female,Delhi,50000,12-03-2024
1261,Lakshmi Varma,IT,Female,Nellore,50000,11-03-2019
1262,Rahul Jain,Marketing,Male,Chennai,50000,10-05-2024
1263,Vishal Gupta,Finance,Female,Chennai,50000,17-03-2019
1264,Sravani Gupta,Data Analytics,Female,Kolkata,50000,03-10-2021
1265,Lakshmi Rao,IT,Female,Hyderabad,50000,07-11-2024
1266,Naveen Chowdary,Marketing,Female,Mumbai,50000,19-06-2025
1267,Sneha Mehta,Operations,Male,Hyderabad,50000,06-07-2020
1268,Surya Chowdary,Data Analytics,Female,Mumbai,50000,28-02-2019
1269,Neha Singh,IT,Female,Hyderabad,51000,15-11-2022
1270,Aditya Kumar,IT,Male,Hyderabad,51000,30-03-2022
1271,Anusha Singh,IT,Female,Hyderabad,51000,08-12-2025
1272,Tejaswi Verma,Marketing,Female,Mumbai,51000,17-02-2024
1273,Karthik Kumar,IT,Male,Hyderabad,51000,03-08-2025
1274,Sruthi Singh,IT,Female,Hyderabad,51000,16-05-2022
1275,Reshma Verma,Marketing,Female,Mumbai,51000,20-10-2022
1276,Aarav Kumar,IT,Male,Hyderabad,51000,13-10-2022
1277,Suresh Gupta,Finance,Male,Pune,51000,05-05-2025
1278,Ravi Rao,Operations,Female,Nellore,51000,26-09-2023
1279,Vishal Patel,Operations,Male,Vijayawada,51000,17-02-2019
1280,Shreya Nair,IT,Male,Kolkata,51000,11-06-2022
1281,Nandini Mishra,Marketing,Male,Kolkata,51000,20-12-2024
1282,Akash Nair,Operations,Male,Chennai,51000,17-05-2024
1283,Manoj Kumar,HR,Female,Visakhapatnam,51000,11-08-2024
1284,Karthik Kumar,Data Analytics,Female,Nellore,51000,05-09-2021
1285,Pradeep Reddy,Operations,Male,Delhi,51000,21-04-2024
1286,Arjun Chowdary,Data Analytics,Male,Visakhapatnam,51000,30-07-2023
1287,Aishwarya Singh,IT,Female,Hyderabad,52000,01-08-2025
1288,Pradeep Kumar,IT,Male,Kolkata,52000,29-04-2026
1289,Rahul Chowdary,Data Analytics,Female,Delhi,52000,14-04-2024
1290,Santosh Kumar,Operations,Male,Delhi,52000,21-03-2020
1291,Santosh Joshi,Finance,Male,Kolkata,52000,07-02-2022
1292,Mounika Naidu,Finance,Male,Visakhapatnam,52000,16-03-2020
1293,Kavya Nair,Finance,Male,Nellore,52000,14-01-2026
1294,Aarav Gupta,Marketing,Female,Bangalore,52000,09-02-2021
1295,Teja Mishra,Operations,Female,Kolkata,52000,12-02-2025
1296,Shreya Patel,HR,Female,Pune,52000,20-10-2023
1297,Vijay Joshi,Operations,Female,Hyderabad,52000,20-09-2022
1298,Rohit Verma,Sales,Male,Vijayawada,52000,11-10-2024
1299,Ananya Joshi,Marketing,Male,Mumbai,52000,06-09-2021
1300,Bhavya Singh,IT,Female,Nellore,52000,01-11-2020
1301,Vijay Singh,Marketing,Male,Vijayawada,52000,24-10-2024
1302,Pooja Babu,Sales,Female,Pune,52000,04-06-2025
1303,Surya Jain,Sales,Male,Nellore,53000,26-06-2026
1304,Sandeep Das,Finance,Male,Bangalore,53000,12-03-2021
1305,Aishwarya Nair,Finance,Male,Delhi,53000,12-10-2025
1306,Aishwarya Babu,Finance,Female,Nellore,53000,12-11-2020
1307,Teja Das,HR,Male,Nellore,53000,14-04-2020
1308,Ravi Varma,Finance,Male,Bangalore,53000,20-03-2025
1309,Ravi Gupta,IT,Male,Chennai,53000,12-08-2020
1310,Krishna Das,Finance,Female,Delhi,53000,13-05-2025
1311,Neha Verma,IT,Male,Hyderabad,53000,07-12-2024
1312,Amit Chowdary,Marketing,Male,Mumbai,53000,12-02-2024
1313,Aishwarya Singh,IT,Female,Hyderabad,54000,28-03-2025
1314,Mounika Reddy,Finance,Female,Pune,54000,30-01-2025
1315,Amit Chowdary,Finance,Female,Nellore,54000,04-10-2019
1316,Teja Naidu,Finance,Male,Kolkata,54000,16-09-2021
1317,Sandeep Gupta,Sales,Female,Delhi,54000,16-02-2026
1318,Naveen Iyer,Finance,Female,Kolkata,54000,31-05-2019
1319,Aditya Yadav,Operations,Male,Vijayawada,54000,18-03-2022
1320,Swathi Gupta,HR,Male,Pune,55000,13-04-2021
1321,Bhavya Mishra,IT,Female,Vijayawada,55000,20-05-2023
1322,Keerthi Reddy,Sales,Female,Vijayawada,55000,22-05-2023
1323,Sneha Das,Operations,Female,Visakhapatnam,55000,08-11-2024
1324,Divya Jain,Data Analytics,Female,Mumbai,55000,25-03-2019
1325,Sneha Singh,IT,Female,Hyderabad,56000,07-03-2022
1326,Rohit Kumar,IT,Male,Hyderabad,56000,28-03-2023
1327,Rohit Kumar,IT,Male,Hyderabad,56000,06-05-2025
1328,Sravani Rao,Marketing,Male,Nellore,56000,20-10-2022
1329,Karthik Naidu,Sales,Female,Kolkata,56000,22-07-2026
1330,Nandini Jain,Sales,Male,Nellore,56000,22-08-2020
1331,Naveen Sharma,IT,Male,Delhi,56000,06-06-2025
1332,Ravi Gupta,Operations,Female,Kolkata,56000,02-01-2025
1333,Pradeep Babu,Sales,Male,Bangalore,57000,29-06-2022
1334,Rohit Joshi,Operations,Male,Hyderabad,57000,02-05-2022
1335,Aditya Varma,Marketing,Female,Nellore,57000,20-01-2020
1336,Deepak Sharma,HR,Male,Nellore,57000,03-01-2024
1337,Aishwarya Naidu,HR,Female,Hyderabad,57000,09-03-2023
1338,Priya Mishra,HR,Female,Bangalore,57000,06-08-2020
1339,Neha Iyer,Finance,Male,Chennai,57000,10-08-2020
1340,Vijay Singh,Marketing,Male,Visakhapatnam,57000,11-08-2024
1341,Sneha Iyer,Data Analytics,Male,Pune,57000,10-07-2024
1342,Anusha Singh,IT,Female,Hyderabad,58000,22-05-2022
1343,Vishal Patel,HR,Male,Chennai,58000,09-08-2024
1344,Rohit Joshi,Operations,Male,Hyderabad,58000,22-10-2024
1345,Kavya Babu,IT,Female,Delhi,58000,28-12-2023
1346,Lakshmi Mehta,Operations,Female,Mumbai,58000,23-12-2020
1347,Krishna Patel,Sales,Male,Bangalore,58000,24-05-2021
1348,Priya Babu,IT,Male,Mumbai,58000,14-02-2019
1349,Sneha Das,Sales,Male,Mumbai,58000,15-05-2020
1350,Naveen Verma,Finance,Female,Chennai,58000,27-07-2026
1351,Priya Rao,Data Analytics,Female,Kolkata,59000,27-07-2021
1352,Priya Sharma,Finance,Female,Pune,59000,17-04-2021
1353,Ananya Gupta,Sales,Female,Mumbai,59000,27-03-2025
1354,Teja Reddy,HR,Male,Delhi,59000,06-10-2023
1355,Manoj Nair,Marketing,Female,Delhi,59000,29-10-2025
1356,Nandini Naidu,HR,Male,Mumbai,59000,05-09-2025
1357,Sravani Yadav,Operations,Female,Mumbai,59000,31-10-2023
1358,Neha Varma,Data Analytics,Male,Pune,59000,22-11-2019
1359,Priya Mehta,HR,Female,Kolkata,59000,04-04-2025
1360,Teja Jain,Data Analytics,Female,Nellore,59000,09-04-2020
1361,Harika Mehta,HR,Male,Bangalore,59000,13-04-2020
1362,Meena Reddy,Finance,Female,Hyderabad,60000,03-07-2019
1363,Mounika Babu,Finance,Female,Bangalore,60000,13-09-2024
1364,Priya Jain,Sales,Female,Bangalore,60000,08-05-2022
1365,Akash Nair,Sales,Female,Delhi,60000,24-07-2023
1366,Krishna Rao,Operations,Male,Mumbai,61000,03-01-2024
1367,Kavya Naidu,HR,Male,Visakhapatnam,61000,31-08-2026
1368,Manoj Das,Operations,Male,Pune,61000,02-04-2023
1369,Krishna Sharma,Sales,Male,Kolkata,61000,08-05-2021
1370,Sneha Yadav,IT,Male,Delhi,61000,30-06-2026
1371,Bhavya Rao,Sales,Male,Mumbai,61000,15-03-2022
1372,Ravi Jain,Marketing,Male,Bangalore,61000,10-07-2019
1373,Ananya Chowdary,IT,Male,Chennai,61000,24-02-2023
1374,Surya Sharma,Finance,Female,Kolkata,61000,05-01-2024
1375,Lakshmi Kumar,Finance,Female,Kolkata,61000,02-09-2019
1376,Nandini Mehta,Operations,Female,Nellore,61000,25-10-2024
1377,Surya Reddy,Sales,Male,Vijayawada,62000,15-03-2024
1378,Vishal Verma,IT,Male,Mumbai,62000,08-12-2025
1379,Neha Mehta,Operations,Male,Bangalore,62000,05-07-2019
1380,Santosh Varma,Data Analytics,Female,Hyderabad,62000,31-10-2022
1381,Kavya Nair,Operations,Female,Chennai,62000,20-06-2025
1382,Rahul Yadav,IT,Male,Chennai,63000,17-06-2026
1383,Akash Mishra,Finance,Male,Mumbai,63000,17-12-2021
1384,Meena Sharma,Data Analytics,Female,Bangalore,63000,20-09-2019
1385,Naveen Verma,Finance,Male,Kolkata,63000,26-09-2023
1386,Arjun Iyer,Operations,Female,Bangalore,63000,22-06-2023
1387,Anusha Naidu,Data Analytics,Female,Visakhapatnam,63000,25-06-2025
1388,Aarav Yadav,Finance,Female,Pune,63000,03-08-2025
1389,Karthik Yadav,Finance,Male,Bangalore,63000,03-11-2023
1390,Keerthi Yadav,IT,Male,Bangalore,63000,14-06-2021
1391,Pradeep Mehta,HR,Female,Mumbai,63000,22-05-2019
1392,Neha Verma,Operations,Male,Vijayawada,64000,11-03-2022
1393,Pooja Chowdary,Finance,Female,Chennai,64000,27-06-2025
1394,Aditya Babu,Operations,Female,Kolkata,64000,28-05-2022
1395,Swathi Verma,Operations,Male,Pune,65000,15-10-2025
1396,Rohit Babu,Sales,Male,Pune,65000,11-08-2019
1397,Rahul Iyer,HR,Male,Hyderabad,65000,15-06-2026
1398,Sandeep Chowdary,Marketing,Male,Pune,65000,04-08-2026
1399,Pradeep Jain,Operations,Female,Delhi,65000,25-04-2019
1400,Pradeep Rao,Sales,Female,Pune,65000,16-08-2021
1401,Vishal Mishra,HR,Male,Chennai,65000,22-09-2021
1402,Swathi Kumar,Marketing,Female,Kolkata,65000,04-12-2023
1403,Lakshmi Yadav,Marketing,Female,Chennai,65000,17-01-2019
1404,Vijay Nair,HR,Male,Delhi,66000,27-06-2021
1405,Akash Varma,Operations,Male,Bangalore,66000,10-09-2019
1406,Harika Iyer,HR,Female,Pune,66000,03-11-2020
1407,Ananya Kumar,Marketing,Female,Bangalore,66000,04-06-2025
1408,Bhavya Mehta,HR,Male,Pune,66000,10-10-2019
1409,Neha Chowdary,Data Analytics,Female,Delhi,67000,16-10-2024
1410,Bhavya Kumar,Sales,Male,Delhi,67000,10-12-2022
1411,Ananya Sharma,Operations,Female,Visakhapatnam,67000,09-09-2025
1412,Aarav Verma,IT,Male,Hyderabad,67000,15-10-2024
1413,Ananya Verma,HR,Female,Delhi,68000,23-03-2021
1414,Pradeep Varma,IT,Male,Nellore,68000,20-11-2023
1415,Sravani Mehta,IT,Female,Pune,68000,21-10-2020
1416,Anusha Kumar,IT,Male,Mumbai,68000,03-03-2026
1417,Neha Gupta,HR,Male,Hyderabad,68000,12-12-2025
1418,Rahul Reddy,Marketing,Male,Nellore,68000,24-07-2021
1419,Harika Varma,HR,Female,Nellore,68000,30-01-2022
1420,Pooja Nair,HR,Female,Chennai,68000,05-10-2019
1421,Aishwarya Yadav,HR,Female,Nellore,68000,24-05-2019
1422,Deepak Kumar,Finance,Male,Bangalore,68000,02-05-2026
1423,Rohit Nair,Finance,Female,Hyderabad,68000,14-11-2025
1424,Rahul Nair,Data Analytics,Female,Pune,69000,10-02-2023
1425,Deepak Naidu,HR,Male,Chennai,69000,17-12-2024
1426,Rohit Yadav,Sales,Male,Hyderabad,69000,08-09-2020
1427,Naveen Varma,Marketing,Female,Bangalore,69000,27-02-2024
1428,Teja Mishra,HR,Female,Delhi,69000,02-08-2021
1429,Sandeep Varma,IT,Male,Nellore,69000,03-12-2019
1430,Manoj Das,HR,Male,Delhi,70000,08-05-2020
1431,Mounika Yadav,Marketing,Female,Visakhapatnam,70000,22-03-2026
1432,Karthik Gupta,HR,Male,Visakhapatnam,70000,27-08-2025
1433,Shreya Chowdary,Data Analytics,Female,Nellore,70000,08-04-2025
1434,Sravani Varma,Finance,Male,Vijayawada,70000,18-06-2024
1435,Akash Babu,IT,Female,Pune,70000,20-12-2024
1436,Harika Joshi,Finance,Female,Vijayawada,70000,15-11-2025
1437,Aishwarya Nair,HR,Male,Chennai,70000,03-10-2019
1438,Harika Reddy,Marketing,Female,Kolkata,70000,23-04-2021
1439,Priya Das,Operations,Female,Hyderabad,70000,20-03-2019
1440,Surya Iyer,HR,Female,Mumbai,70000,18-09-2021
1441,Vijay Naidu,Data Analytics,Female,Nellore,70000,06-07-2019
1442,Harika Reddy,Marketing,Female,Visakhapatnam,71000,10-09-2025
1443,Neha Kumar,Sales,Female,Mumbai,71000,19-02-2026
1444,Sneha Iyer,IT,Male,Mumbai,72000,04-11-2022
1445,Mounika Sharma,Sales,Female,Hyderabad,72000,31-07-2026
1446,Ravi Jain,Data Analytics,Female,Kolkata,72000,13-01-2020
1447,Akash Iyer,Marketing,Male,Hyderabad,73000,17-04-2021
1448,Amit Sharma,Sales,Female,Vijayawada,73000,02-07-2020
1449,Pradeep Singh,IT,Male,Pune,73000,08-01-2024
1450,Pooja Naidu,Sales,Male,Pune,73000,17-03-2022
1451,Santosh Verma,IT,Female,Kolkata,73000,30-09-2019
1452,Rohit Joshi,IT,Female,Visakhapatnam,73000,15-05-2019
1453,Nandini Reddy,Data Analytics,Female,Pune,74000,23-02-2024
1454,Pooja Joshi,Marketing,Male,Bangalore,74000,04-02-2021
1455,Anusha Rao,Finance,Female,Mumbai,74000,16-08-2020
1456,Karthik Gupta,IT,Female,Vijayawada,74000,11-03-2020
1457,Divya Naidu,Sales,Female,Mumbai,74000,22-06-2026
1458,Akash Nair,Finance,Female,Vijayawada,74000,05-02-2025
1459,Amit Jain,Marketing,Female,Visakhapatnam,75000,21-07-2023
1460,Sandeep Mehta,Sales,Female,Pune,75000,29-07-2026
1461,Krishna Naidu,Marketing,Male,Delhi,75000,13-10-2021
1462,Meena Iyer,Sales,Female,Visakhapatnam,75000,29-07-2023
1463,Rohit Joshi,IT,Female,Visakhapatnam,75000,13-05-2025
1464,Nandini Rao,Data Analytics,Male,Hyderabad,76000,02-04-2022
1465,Aditya Reddy,Data Analytics,Male,Vijayawada,76000,25-05-2022
1466,Pooja Babu,IT,Male,Vijayawada,77000,24-11-2020
1467,Pooja Patel,Finance,Male,Delhi,77000,02-07-2023
1468,Rahul Das,Finance,Male,Pune,78000,22-04-2019
1469,Ravi Chowdary,IT,Female,Hyderabad,78000,26-12-2020
1470,Arjun Singh,Data Analytics,Female,Hyderabad,78000,06-10-2020
1471,Santosh Naidu,IT,Female,Bangalore,78000,22-07-2026
1472,Ananya Naidu,Data Analytics,Female,Mumbai,79000,25-04-2023
1473,Ravi Joshi,Data Analytics,Male,Mumbai,79000,09-02-2023
1474,Shreya Patel,Finance,Female,Delhi,79000,07-05-2022
1475,Anusha Gupta,IT,Male,Vijayawada,79000,31-03-2020
1476,Vishal Naidu,Finance,Female,Bangalore,80000,25-03-2019
1477,Naveen Gupta,Data Analytics,Male,Visakhapatnam,80000,16-05-2023
1478,Keerthi Jain,Data Analytics,Male,Kolkata,81000,21-01-2021
1479,Krishna Joshi,IT,Female,Bangalore,81000,15-01-2020
1480,Ananya Naidu,Data Analytics,Male,Mumbai,81000,03-05-2019
1481,Ravi Reddy,IT,Male,Pune,82000,02-08-2026
1482,Meena Nair,Data Analytics,Male,Mumbai,84000,06-02-2024
1483,Priya Reddy,Data Analytics,Male,Delhi,84000,24-10-2019
1484,Aditya Chowdary,Data Analytics,Female,Nellore,85000,08-07-2023
1485,Akash Sharma,IT,Male,Bangalore,86000,13-02-2019
1486,Sravani Patel,IT,Male,Kolkata,86000,03-06-2020
1487,Meena Chowdary,Data Analytics,Male,Delhi,87000,23-02-2021
1488,Sravani Jain,Data Analytics,Female,Hyderabad,88000,24-04-2026
1489,Vishal Jain,Data Analytics,Female,Delhi,88000,20-05-2026
1490,Teja Reddy,IT,Male,Hyderabad,88000,11-12-2022
1491,Ravi Chowdary,IT,Male,Delhi,90000,15-03-2024
1492,Anil Naidu,Data Analytics,Female,Mumbai,90000,13-01-2023
1493,Priya Verma,Data Analytics,Male,Hyderabad,90000,09-12-2019
1494,Naveen Joshi,IT,Female,Vijayawada,90000,01-04-2024
1495,Amit Singh,Data Analytics,Female,Nellore,90000,25-05-2024
1496,Divya Verma,IT,Female,Pune,92000,12-10-2023
1497,Akash Verma,IT,Male,Nellore,93000,14-01-2023
1498,Sandeep Yadav,IT,Female,Hyderabad,93000,19-02-2021
1499,Vijay Yadav,IT,Female,Kolkata,94000,01-07-2020
1500,Bhavya Rao,IT,Female,Mumbai,94000,23-11-2023
